word,mean
abandon,"버리다, 포기하다"
abide,"머무르다, 견디다"
abord,"접근하다, 승선하다"
banish,"추방하다, 내쫓다"
cab,"택시, 마차"
dagger,단검
efficient,"효율적인, 능률적인"
fable,"우화, 전설"
gale,"강풍, 돌풍"
halt,"멈춤, 중단"
sage,현명한
identify,"확인하다, 식별하다"
laboratory,"연구실, 실험실"
machinery,기계류
namely,"즉, 다시 말해"
objection,"반대, 이의"
pad,"패드, 완충재"
radiant,"빛나는, 환한"
taint,"오염시키다, 더럽히다"
ultimate,"궁극적인, 최후의"
dart,돌진
eloquence,웅변
adequate,"적절한, 충분한"
blacksmith,대장장이
characteristic,"특징, 특성, 독특한"
chat,"잡담하다, 채팅"
treaty,"조약, 협정"
impose,"부과하다, 강요하다"
imposing,"인상적인, 당당한"
defect,"결함, 결점"
neutral,"중립적인, 공평한"
cherish,"소중히 여기다, 아끼다"
barren,"황량한, 불모의"
vague,"모호한, 희미한"
scorn,"경멸하다, 비웃다"
flock,"무리, 떼, 모이다"
vivid,"생생한, 선명한"
chaos,"혼돈, 무질서"
shudder,"떨다, 몸서리치다"
lament,"한탄하다, 슬퍼하다"
strive,"노력하다, 애쓰다"
bestow,"수여하다, 부여하다"
conquer,"정복하다, 이기다"
conquest,"정복, 승리"
inherent,"타고난, 고유의"
adhere,"들러붙다, 고수하다"
cohere,"일관성이 있다, 응집하다"
abrupt,"갑작스러운, 뚱한"
rigid,"엄격한, 굳은"
cynical,"냉소적인"
unanimous,"만장일치의"
shrewd,"영리한, 빈틈없는"
reckless,"무모한, 신중하지 못한"
sterile,"불임의, 살균한"
pessimistic,"염세적인, 비관적인"
optimistic,"낙관적인, 긍정적인"
perpetual,"영원한, 끊임없는"
indispensable,"필수적인"
widespread,"광범위한, 널리 퍼진"
pious,"독실한, 경건한"
sanction,"제재, 승인"
shiver,"떨다, 가벼운 전율"
temper,"성질, 기분, 완화하다"
temperament,"기질, 성품"
blunder,"큰 실수, 그르치다"
decay,"부패하다, 쇠퇴하다"
audacious,"대담한, 무모한"
solemn,"엄숙한, 진지한"
grief,"슬픔, 비탄"
grieve,"슬퍼하다, 가슴 아파하다"
feign,"~인 척하다, 가장하다"
diligent,"부지런한, 근면한"
indolent,"게으른, 나태한"
arrogant,"거만한, 오만한"
affluent,"부유한, 풍족한"
impoverished,"빈곤한, 고갈된"
transient,"일시적인, 순간적인"
submitting,"제출하는, 굴복하는"
reckon,"생각하다, 계산하다"
gaze,"응시하다, 바라보다"
glance,"흘긋 보다, 빰"
glimpse,"언뜻 봄, 통찰"
conspicuous,"눈에 띄는, 뚜렷한"
obscure,"모호한, 잘 알려지지 않은"
acute,"극심한, 예리한"
praise,"칭찬하다, 찬양"
flatter,"아첨하다, 돋보이게 하다"
blame,"비난하다, 탓하다"
censure,"견책하다, 비난"
suppress,"억압하다, 진압하다"
exploit,"개발하다, 착취하다, 공훈"
preach,"설교하다, 전하다"
ecstasy,"황홀경, 무아지경"
gloom,"우울, 어둠"
gloomy,"우울한, 어두운"
nostalgia,"향수, 그리움"
solitude,"고독, 외로움"
melancholy,"우울감, 비애"
gulf,"만, 격차"
provoke,"도발하다, 유발하다"
fortress,"요새"
garrison,"주둔군, 요새"
patrol,"순찰하다, 순찰대"
predecessor,"전임자, 선조"
successor,"계승자, 후임자"
inferior,"열등한, 하위의"
superior,"우월한, 상급의"
exile,"망명, 추방하다"
coincide,"일치하다, 동시에 일어나다"
adverse,"부정적인, 불리한"
reverse,"반대의, 뒤집다"
inverse,"반대의, 역의"
diverse,"다양한"
perverse,"삐딱한, 삐뚤어진"
adversary,"적대자, 상대"
misery,"고통, 빈곤"
miserable,"비참한, 불쌍한"
gallows,"교수대"
indict,"기소하다, 고발하다"
testify,"증언하다, 증명하다"
verdict,"평결, 판단"
sentence,"문장, 선고하다"
execute,"실행하다, 처형하다"
patriot,"애국자"
traitor,"반역자, 배신자"
applaud,"박수치다, 칭찬하다"
sublime,"숭고한, 탁월한"
asylum,"망명, 피난처, 정신병원"
sanctuary,"피난처, 보호구역"
tomb,"무덤"
sanctity,"신성함, 존엄성"
scared,"겁먹은, 두려워하는"
sacred,"신성한, 종교적인"
scare,"겁주다, 놀라게 하다"
scarce,"부족한, 드문"
commodity,"상품, 원자재"
freight,"화물, 운송"
cargo,"화물"
wharf,"부두, 선착장"
pier,"부두, 방파제"
monopoly,"독점"
monotonous,"단조로운, 지루한"
prosecute,"기소하다, 추진하다"
persecute,"박해하다, 괴롭히다"
testimony,"증언, 증거"
refuge,"피난처, 도피"
refugee,"난민, 망명자"
republic,"공화국"
monarchy,"군주제, 군주국"
anarchy,"무정부 상태, 혼란"
hierarchy,"계급 조직, 계층 구조"
dictator,"독재자"
despot,"폭군, 독재자"
tyrant,"폭군, 독재자"
rebel,"반역자, 반란을 일으키다"
rebellion,"반란, 폭동"
treason,"반역죄"
sovereign,"주권자, 통치자, 최고의"
autonomy,"자치권, 자율"
colony,"식민지, 집단"
empire,"제국"
imperial,"제국의, 황제의"
dynasty,"왕조"
aristocracy,"귀족 정치, 귀족"
democracy,"민주주의, 민주 국가"
parliament,"의회, 국회"
congress,"국회, 회의"
senate,"상원"
legislation,"입법, 법률"
statute,"법령, 규정"
decree,"법령, 판결, 선언하다"
charter,"헌장, 전세 내다"
constitution,"헌법, 체질, 구성"
amendment,"개정, 수정안"
diplomacy,"외교, 수완"
alliance,"동맹, 연합"
ambassador,"대사, 사절"
envoy,"특사, 사절"
consulate,"영사관"
treaty,"조약, 협정"
ratify,"비준하다, 재가하다"
neutrality,"중립, 중립 상태"
intervention,"개입, 간섭"
arbitration,"중재"
compromise,"타협하다, 손상시키다"
negotiation,"협상, 절충"
petition,"청원, 탄원"
manifesto,"선언문, 성명서"
faction,"파벌, 분파"
coalition,"연합, 제휴"
partisan,"열렬한 지지자, 당파적인"
ballot,"투표, 투표용지"
suffrage,"참정권, 투표권"
constituency,"선거구, 지지층"
inauguration,"취임식, 개막"
administration,"행정, 관리, 정부"
bureaucracy,"관료주의, 관료 체제"
revenue,"수입, 세입"
expenditure,"지출, 소비"
deficit,"적자, 부족액"
surplus,"흑자, 과잉"
inflation,"인플레이션, 통화 팽창"
deflation,"디플레션, 통화 수축"
subsidy,"보조금"
tariff,"관세"
quota,"할당량, 쿼터"
embargo,"통상 금지, 제한"
boycott,"불매 운동, 거부하다"
sanction,"제재, 승인"
welfare,"복지, 안녕"
charity,"자선, 자선 단체"
philanthropy,"박애주의, 자선 활동"
pension,"연금"
subsistence,"생계, 생존"
destitution,"빈곤, 궁핍"
poverty,"가난, 빈곤"
prosperity,"번영, 번창"
affluence,"부유, 풍요"
opulence,"부유, 풍부"
luxury,"사치, 고급품"
extravagance,"낭비, 사치"
frugality,"절약, 검소"
thrift,"절약, 검소"
miser,"구두쇠"
hoard,"비축하다, 숨겨두다"
squander,"낭비하다, 탕진하다"
lavish,"사치스러운, 아낌없는"
prodigal,"낭비하는, 방탕한"
bankrupt,"파산한"
insolvent,"파산한, 지불 능력이 없는"
debt,"빚, 부채"
creditor,"채권자"
debtor,"채무자"
mortgage,"담보 대출, 저당 잡히다"
bankruptcy,"파산"
liquidation,"청산, 정리"
commerce,"상업, 무역"
commodity,"상품, 원자재"
merchandise,"상품, 물품"
vending,"판매"
merchant,"상인, 무역상"
retail,"소매"
wholesale,"도매"
distributor,"유통업자, 배급사"
broker,"중개인"
agent,"대리인, 에이전트"
monopoly,"독점"
oligopoly,"과점"
cartel,"카르텔, 기업 연합"
syndicate,"연합체, 신디케이트"
enterprise,"기업, 회사, 진취성"
corporation,"기업, 법인"
conglomerate,"대기업, 복합 기업"
subsidiary,"자회사, 부수적인"
affiliate,"계열사, 제휴하다"
merger,"합병"
acquisition,"인수, 획득"
takeover,"인수, 탈취"
monopoly,"독점"
patent,"특허, 특허를 얻다"
trademark,"상표"
copyright,"저작권"
royalty,"인세, 왕족"
premium,"보험료, 프리미엄"
subsidy,"보조금"
allowance,"수당, 용돈, 허용량"
grant,"보조금, 승인하다"
endowment,"기부, 타고난 재능"
donation,"기부, 기증"
contribution,"기여, 기부금"
subscription,"구독, 기부"
fee,"수수료, 요금"
fare,"요금, 운임"
toll,"통행료, 희생자 수"
rent,"임대료, 빌리다"
lease,"임대차 계약, 임대하다"
hire,"고용하다, 빌리다"
charter,"헌장, 전세 내다"
retainer,"보유, 수임료"
salary,"급여, 월급"
wage,"임금, 주급"
remuneration,"보수, 보상"
stipend,"봉급, 급료"
bonus,"보너스, 상금"
dividend,"배당금"
interest,"이자, 관심"
principal,"교장, 주요한, 원금"
capital,"수도, 자본, 대문자의"
fund,"기금, 자금"
asset,"자산, 재산"
liability,"부채, 책임"
equity,"공평, 지분"
stock,"재고, 주식"
share,"공유하다, 지분, 주식"
bond,"채권, 결속, 유대"
security,"보안, 증권"
option,"선택, 옵션"
future,"미래, 선물 거래"
derivative,"파생상품, 파생적인"
portfolio,"포트폴리오, 서류가방"
investment,"투자"
speculation,"추측, 투기"
gamble,"도박"
lottery,"복권"
insurance,"보험"
policy,"정책, 방침, 보험증권"
premium,"보험료, 할부금"
claim,"주장하다, 청구하다"
indemnity,"보상, 배상금"
compensation,"보상, 배상"
reimbursement,"변제, 상환"
refund,"환불"
rebate,"리베이트, 할인"
discount,"할인"
commission,"위원회, 수수료"
brokerage,"중개업, 중개 수수료"
fee,"수수료"
charge,"요금, 청구하다, 기소하다"
invoice,"송장, 청구서"
receipt,"영수증"
voucher,"상품권, 바우처"
coupon,"쿠폰"
token,"표시, 토큰, 상품권"
credit,"신용, 학점"
debit,"체크, 차변, 인출하다"
balance,"균형, 잔고"
account,"계좌, 설명, 고려하다"
deposit,"예금하다, 보증금"
withdrawal,"인출, 철회"
transfer,"이체하다, 이동하다"
remittance,"송금"
exchange,"교환, 환전"
currency,"통화, 화폐"
cash,"현금"
coin,"동전, 주조하다"
bullion,"금은괴"
specie,"정화, 주화"
money,"돈"
finance,"금융, 재정"
fiscal,"재정의, 국고의"
monetary,"통화의, 화폐의"
pecuniary,"금전상의"
financial,"금융의, 재정의"
economic,"경제의"
economical,"절약하는, 알뜰한"
economy,"경제, 절약"
wealth,"부, 재산"
riches,"부, 재물"
fortune,"운, 큰돈, 재산"
treasure,"보물"
gem,"보석"
jewel,"보석"
jewelry,"보석류"
ornament,"장식, 장식품"
decoration,"장식"
embellishment,"장식, 꾸밈"
adornment,"장식, 장식품"
array,"배열, 옷차림"
attire,"의상, 복장"
garment,"의류, 옷"
apparel,"의류, 복장"
costume,"의상, 복장"
outfit,"의상, 한 벌"
suit,"정장, 소송, 알맞다"
tuxedo,"턱시도"
gown,"가운, 드레스"
robe,"예복, 가운"
cloak,"망토, 은폐물"
coat,"코트, 외투"
jacket,"재킷"
vest,"조끼, 부여하다"
uniform,"제복, 균일한"
livery,"제복, 급식"
badge,"배지, 증표"
insignia,"휘장, 훈장"
medal,"메달"
trophy,"트로피"
crown,"왕관, 왕위"
scepter,"홀, 왕권"
throne,"왕좌, 왕위"
coronation,"대관식"
regalia,"예복, 휘장"
pageant,"야외극, 미인대회"
parade,"퍼레이드, 행진"
procession,"행렬, 행진"
march,"행진하다"
stride,"성큼성큼 걷기, 발전"
pace,"속도, 걸음"
gait,"걸음걸이"
amble,"느긋하게 걷다"
stroll,"산책, 거닐다"
saunter,"느긋하게 걷다"
wander,"돌아다니다, 헤매다"
roam,"배러다니다, 방랑하다"
ramble,"거닐다, 횡설수설하다"
rove,"방랑하다"
stray,"길을 잃은, 헤매다"
deviate,"벗어나다"
diverge,"갈라지다, 벗어나다"
digress,"벗어나다, 밤새다"
veer,"방향을 바꾸다"
swerve,"방향을 바꾸다, 틀다"
turn,"돌다, 전환"
spin,"돌다, 회전"
rotate,"회전하다, 교대하다"
revolve,"돌다, 회전하다"
twirl,"빙빙 돌리다"
whirl,"빙빙 돌다, 회전"
swirl,"소용돌이치다"
vortex,"소용돌이"
whirlpool,"소용돌이"
cyclone,"사이클론, 회오리바람"
tornado,"토네이도"
hurricane,"허리케인"
typhoon,"태풍"
gale,"강풍, 돌풍"
breeze,"산들바람"
zephyr,"산들바람"
gust,"돌풍"
blast,"폭발, 돌풍"
explosion,"폭발"
implosion,"내부 폭발"
detonation,"폭발"
eruption,"분출, 폭발"
outbreak,"발발, 발생"
epidemic,"유행병, 만연"
pandemic,"전국적인 유행병"
endemic,"풍토병, 고유한"
plague,"전염병, 괴롭히다"
pestilence,"전염병"
contagion,"전염, 감염"
infection,"감염, 전염"
disease,"질병"
illness,"질병, 아픔"
sickness,"질병"
malady,"질병, 병폐"
ailment,"질병"
disorder,"장애, 무질서"
syndrome,"증후군"
symptom,"증상, 징후"
diagnosis,"진단"
prognosis,"예후, 예측"
therapy,"치료, 요법"
remedy,"치료법, 구제책"
cure,"치료하다"
medication,"약물 치료, 약"
medicine,의약품
drug,"약, 약품, 마약"
pharmaceutical,"제약의, 약품"
prescription,"처방전, 규정"
dose,"복용량"
pill,"알약"
tablet,"알약, 태블릿"
capsule,"캡슐"
ointment,"연고"
lotion,"로션"
balm,"발삼, 위안"
salve,"연고, 위안하다"
antidote,"해독제"
vaccine,"백신"
serum,"혈청"
antitoxin,"항독소"
antibody,"항체"
antigen,"항원"
pathogen,"병전체"
microbe,"미생물, 세균"
bacterium,"박테리아, 세균"
virus,"바이러스"
parasite,"기생충"
fungus,"균류, 곰팡이"
mold,"곰팡이, 틀, 형성하다"
mildew,"흰가루병, 곰팡이"
spore,"포자"
pollen,"꽃가루"
nectar,"꿀, 과즙"
sap,"수액, 생기"
resin,"수지, 송진"
amber,"호박색, 호박"
fossil,"화석"
skeleton,"골격, 해골"
skull,"두개골"
spine,"척추, 가시"
vertebra,"척추뼈"
rib,"갈비뼈"
bone,"뼈"
cartilage,"연골"
ligament,"인대"
tendon,"힘줄"
muscle,"근육"
tissue,"조직, 휴지"
cell,"세포, 독방"
organ,"장기, 기관, 오르간"
gland,"선, 분비선"
hormone,"호르몬"
enzyme,"효소"
protein,"단백질"
vitamin,비타민
mineral,"미네랄, 광물"
nutrient,"영양소"
nutrition,"영양"
diet,"식단, 다이어트"
food,"음식"
fare,"요금, 음식물"
nourishment,"영양분, 음식물"
sustenance,"생계, 영양"
aliment,"영양물, 부양"
provisions,"식량, 규정"
rations,"배급량, 식량"
catering,"출장 요리"
banquet,"연회, 만찬"
feast,"연회, 축제"
buffet,"뷔페"
smorgasbord,"스모가스보드, 다양함"
picnic,"소풍"
barbecue,"바베큐"
grill,"그릴, 석쇠"
roast,"굽다"
bake,"굽다"
boil,"끓이다"
stew,"스튜, 찌개"
simmer,"뭉근히 끓이다"
fry,"튀기다, 볶다"
saute,"기름에 볶다"
poach,"졸이다, 밀렵하다"
steam,"찌다, 증기"
blanch,"데치다, 하얘지다"
marinate,"양념에 재우다"
season,계절, 양념하다
flavor,"맛, 풍미"
taste,"맛, 취향"
savor,"맛, 풍미를 즐기다"
relish,"즐기다, 맛"
zest,"열정, 풍미"
tang,"톡 쏘는 맛"
aroma,"향기"
scent,"향기, 냄새"
odor,"냄새, 악취"
fragrance,"향기"
perfume,"향수"
bouquet,"꽃다발, 와인 향"
garland,"화환"
wreath,"화환"
posy,"꽃다발"
nosegay,"꽃다발"
corsage,"코사지"
buttonhole,"단추구멍, 붙잡고 얘기하다"
patch,"조각, 패치, 수선하다"
badge,"배지"
emblem,"상징, 표장"
crest,"문장, 정점"
insignia,"휘장"
motto,"좌우명, 모토"
slogan,"슬로건, 구호"
watchword,"표어, 암호"
byword,"전형, 속담"
proverb,"속담"
maxim,"격언, 금언"
aphorism,"격언, 아포리즘"
adage,"속담, 격언"
saying,"속담, 말"
dictum,"격언, 선언"
axiom,"공리, 자명한 이치"
postulate,"가정하다, 요구하다"
premise,"전제"
assumption,"가정, 추정"
presumption,"추정, 건방짐"
hypothesis,"가설"
theory,"이론"
doctrine,"교리, 신조"
dogma,"독단, 교리"
tenet,"주의, 신조"
creed,"신조, 교리"
faith,"믿음, 신앙"
belief,"믿음, 신념"
conviction,"확신, 유죄 판결"
assurance,"보장, 확신"
guarantee,"보증하다"
warranty,"보증서"
pledge,"서약, 약속"
vow,"서약, 맹세"
oath,"맹세, 선서"
covenant,"계약, 서약"
contract,"계약, 수축하다"
agreement,"동의, 계약"
compact,"조밀한, 계약"
treaty,"조약"
pact,"계약, 협정"
alliance,"동맹"
league,"연맹, 동맹"
federation,"연방, 연합"
confederacy,"연합, 공모"
union,"결합, 노조"
unity,"통일성, 조화"
harmony,"조화"
concord,"일치, 조화"
accord,"일치, 합의하다"
unison,"조화, 동음"
symphony,"교향곡"
concert,"콘서트, 협조"
cooperation,"협력"
collaboration,"협업"
assistance,"원조, 도움"
aid,"원조, 도움"
succor,"구제, 원조"
relief,"안도, 구제"
rescue,"구조하다"
deliverance,"구조, 구제"
salvation,"구원, 구제"
redemption,"구원, 상환"
ransom,"몸값"
hostage,"인질"
captive,"포로, 사로잡힌"
prisoner,"죄수, 포로"
convict,"죄수, 유죄를 선고하다"
inmate,"수감자, 입원 환자"
cell,"독방"
dungeon,"지하 감옥"
jail,"교도소"
prison,"교도소"
penitentiary,"교도소"
reformatory,"감화원"
asylum,"피난처, 보호구역"
refuge,"피난처"
sanctuary,"신성한 곳, 피난처"
haven,"피난처, 안식처"
harbor,"항구, 품다"
port,"항구"
wharf,부두
dock,"선창, 부두"
pier,부두
jetty,"방파제"
breakwater,"방파제"
seawall,"방파제"
dyke,"제방"
dam,"댐"
reservoir,"저수지"
aqueduct,"도수교, 수로"
canal,"운하, 수로"
channel,"채널, 경로, 수로"
strait,"해협"
sound,"소리, 해협, 건강한"
bay,"만"
gulf,만
cove,"작은 만"
fjord,"피오르드"
estuary,"귀만, 강구"
delta,"삼각주"
marsh,"습지"
swamp,"습지, 늪"
bog,"습지, 늪"
fen,"습지"
morass,"늪, 난국"
quagmire,"수렁, 진창"
mire,"진흙, 수렁"
mud,"진흙"
clay,"찰흙"
silt,"침전물"
sediment,"침전물"
dregs,"찌꺼기"
scum,"찌꺼기, 인간 쓰레기"
foam,"거품"
froth,"거품"
bubble,"거품"
blister,"물집"
wart,"사마귀"
mole,"점, 두더지, 방파제"
freckle,"주근깨"
pimple,"여드름"
rash,"발진, 무모한"
scar,"흉터"
bruise,"타박상, 멍"
wound,"상처"
injury,"부상"
damage,"손상"
harm,"해, 피해"
mischief,"해악, 장난"
nuisance,"골칫거리"
pest,"해충, 골칫거리"
plague,전염병, 괴롭히다
scourge,"재앙, 채찍"
bane,"골칫거리, 독"
poison,"독"
venom,"독액"
toxin,"독소"
contaminant,"오염 물질"
pollutant,"오염 물질"
impurity,"불순물"
dirt,"먼지, 흙"
dust,"먼지"
ash,"재"
cinder,"타다 남은 조각"
ember,"타다 남은 알불"
spark,"불꽃"
flame,"불꽃"
blaze,"활활 타다"
flare,"확 타오르다"
glare,"노려보다, 눈부신 빛"
gleam,"어슴푸레한 빛"
glimmer,"희미한 빛"
twinkle,"반짝이다"
sparkle,"반짝이다"
glitter,"반짝이다"
shimmer,"은은하게 빛나다"
glisten,"반짝이다"
flash,"번쩍임"
beam,"빛줄기, 활짝 웃다"
ray,"빛줄기"
streak,"줄무늬, 요인"
stripe,줄무늬
band,"밴드, 무리, 띠"
ribbon,"리본"
fringe,"언저리, 비주류"
border,"국경, 가장자리"
edge,"가장자리, 칼날"
brink,"직전, 가장자리"
verge,"직전, 가장자리"
margin,여백
bound,"한계, 경계, 튀다"
boundary,"경계, 경계선"
frontier,"국경, 개척지"
barrier,"장벽"
obstacle,"장애물"
impediment,"방해, 장애"
hindrance,"방해, 장애물"
obstruction,"방해, 폐쇄"
blockade,"봉쇄"
embargo,통상 금지
prohibition,"금지"
ban,"금지"
interdict,"금지하다"
veto,"거부권"
refusal,"거부"
rejection,"거절"
denial,"부인, 거부"
repudiation,"거절, 부인"
disavowal,"부인"
disclaimer,"부인, 권리 포기 선언"
renunciation,"포기, 선언"
waiver,"포기, 면제"
exemption,"면제"
immunity,"면역력, 면제"
privilege,"특권"
prerogative,"특권"
franchise,"선거권, 가맹점"
charter,헌장
licence,"면허, 라이센스"
permit,"허가증"
passport,"여권"
visa,"비자"
clearance,"허가, 정리"
sanction,승인, 제재
approval,"승인"
endorsement,"지지, 이서"
ratification,"비준, 재가"
confirmation,"확인, 확증"
verification,"검증"
authentication,"인증"
validation,"확인, 입증"
corroboration,"확증"
substantiation,"입증"
proof,"증거, 방수의"
evidence,"증거"
testimony,증언
witness,"목격자, 증인"
spectator,"관객"
audience,"청중"
beholder,"보는 사람"
onlooker,"구경꾼"
bystander,"구경꾼, 행인"
passerby,"통행인"
pedestrian,"보행자"
walker,"걷는 사람"
hiker,"도보 여행자"
rambler,"도보 여행자, 덩굴장미"
wanderer,"방랑자"
vagabond,"방랑자"
tramp,"부랑자, 무거운 발걸음"
hobo,"부랑자"
vagrant,"부랑자"
nomad,"유목민"
pilgrim,"순례자"
traveler,"여행자"
tourist,"관광객"
passenger,"승객"
commuter,"통근자"
wayfarer,"도보 여행자"
voyager,"항해자"
mariner,선원
sailor,"선원"
seaman,"선원"
crew,"승무원, 선원"
captain,"선장, 주장"
pilot,"조종사, 도선사"
navigator,"항해사, 네비게이션"
helmsman,"키잡이"
coxswain,"키잡이"
driver,"운전자"
chauffeur,"운전기사"
motorman,"기관사"
engineer,"엔지니어, 기관사"
mechanic,"정비사"
technician,"기술자"
artisan,"장인, 기능공"
craftsman,"장인"
workman,"노동자"
laborer,"노동자"
drudge,"힘들고 단조로운 일을 하는 사람"
toiler,"노동자"
operator,"조종사, 교환원"
agent,대리인
factor,"요인, 인자"
broker,중개인
middleman,"중개인"
intermediary,"중개자"
go-between,"중개자"
mediator,"중재자"
arbitrator,"중재인"
umpire,"심판"
referee,"심판"
judge,"판사, 심사위원"
magistrate,"치안판사"
juror,"배심원"
lawyer,"변호사"
attorney,"변호사, 대리인"
counsel,"상담, 변호인"
solicitor,"사무 변호사, 잡상인"
barrister,"법정 변호사"
prosecutor,"검사"
advocate,"지지하다, 변호사"
defender,"방어자, 수호자"
champion,"챔피언, 옹호자"
protector,"보호자"
guardian,"수호자, 후견인"
trustee,"신탁 관리자, 이사"
warden,"교도소장, 관리인"
custodian,"관리인"
janitor,"문지기, 수리공"
caretaker,"관리인"
porter,"짐꾼, 문지기"
doorman,"문지기"
concierge,"안내원"
usher,"안내원"
guide,"안내자"
scout,"정찰병"
spy,"간첩"
agent,에이전트, 대리인
operative,"첩보원, 기사"
detective,"형사, 탐정"
sleuth,"탐정"
inspector,"조사관"
examiner,"시험관, 조사관"
auditor,"감사관"
controller,"관리자"
comptroller,"감사관"
accountant,"회계사"
bookkeeper,"장부 기입자"
clerk,"점원, 서기"
secretary,"비서, 장관"
registrar,"등록 담당자"
bursar,"재무관"
treasurer,"회계 담당자"
cashier,"계산원"
teller,"은행원, 말하는 사람"
banker,"은행가"
financier,"금융업자"
capitalist,"자본가"
investor,"투자자"
speculator,"투기꾼"
underwriter,"인수업자"
actuary,"보험계리사"
adjuster,"손해사정인"
appraiser,"감정평가사"
valuer,"감정인"
assessor,"평가단"
surveyor,"측량사"
architect,"건축가"
builder,"건축업자"
contractor,"계약업자"
mason,"석공"
bricklayer,"벽돌공"
carpenter,"목수"
plumber,"배관공"
electrician,"전기 기사"
painter,"화가, 도장공"
glazier,"유리공"
plasterer,"미장공"
welder,"용접공"
blacksmith,대장장이
goldsmith,"금세공인"
silversmith,"은세공인"
jeweler,"보석상"
lapidary,"보석 세공인"
clockmaker,"시계 제조공"
watchmaker,"시계 수리공"
cobbler,"구두 수리공"
shoemaker,"구두 제조공"
tailor,"재단사"
dressmaker,"재봉사"
seamstress,"재봉사"
weaver,"방직공"
spinner,"실 잣는 사람"
dyer,"염색공"
tanner,"무도수공"
currier,"가죽 무두질공"
saddler,"마구 제조업자"
harnessmaker,"마구 제조업자"
furrier,"모피상"
hatter,"모자 장수"
milliner,"여성 모자 장수"
glover,"장갑 제조업자"
hosier,"양말류 판매상"
draper,"포목상"
mercer,"포목상"
outfitter,"의류점"
clothier,"의류상"
tailor,재단사"
costumier,"의상 대여업자"
barber,"이발사"
hairdresser,"미용사"
coiffeur,"미용사"
stylist,"스타일리스트"
beautician,"미용사"
manicurist,"매니큐어사"
chiropodist,"발 치료사"
podiatrist,"발 치료사"
masseur,"남성 마사지사"
masseuse,"여성 마사지사"
osteopath,"접골사"
chiropractor,"카이로프랙틱 의사"
physiotherapist,"물리치료사"
healer,"치료사"
doctor,"의사"
physician,"내과 의사"
surgeon,"외과 의사"
pediatrician,"소아과 의사"
psychiatrist,"정신과 의사"
oculist,"안과 의사"
ophthalmologist,"안과 의사"
optometrist,"검안사"
optician,"안경사"
dentist,"치과 의사"
orthodontist,"치과 교정의"
periodontist,"치주과 의사"
veterinarian,"수의사"
vet,"수의사"
nurse,"간호사"
midwife,"조산사"
orderly,"간호조무사, 정돈된"
pharmacist,"약사"
chemist,"화학자, 약사"
druggist,"약사"
apothecary,"약제사"
herbalist,"한약업사"
dietitian,"영양사"
nutritionist,"영양학자"
chef,"요리사"
cook,"요리사"
baker,제빵사"
confectioner,"제과업자"
pastrycook,"제과원"
caterer,"출장 요리업자"
restaurateur,"음식점 경영자"
hotelier,"호텔 경영자"
innkeeper,"여관 주인"
landlord,"집주인"
landlady,"여주인"
host,"주인, 주최자"
hostess,"여주인"
steward,"승무원, 집사"
stewardess,"여성 승무원"
purser,"사무장"
flight_attendant,"객실 승무원"
waiter,"웨이터"
waitress,"웨이트리스"
server,"서버, 봉사자"
bartender,"바텐더"
barman,"바텐더"
barmaid,"여성 바텐더"
sommelier,"소믈리에"
barista,"바리스타"
brewer,"양조업자"
distiller,"증류업자"
vintner,"포도주 상인"
taster,"감정가"
gourmet,"미식가"
gourmand,"대식가"
epicure,"식도락가"
gastronome,"미식가"
glutton,"대식가"
trencherman,"대식가"
eater,"먹는 사람"
feeder,"급수기, 먹는 사람"
boarder,"하숙생"
lodger,"하숙인"
tenant,"세입자"
lessee,"임차인"
lessor,"임대인"
occupant,"점유자"
dweller,"거주자"
inhabitant,"거주자"
resident,"거주자"
citizen,시민
national,"국민, 국적자"
subject,"주제, 과목, 국민"
native,"원주민, 타고난"
aborigine,"원주민"
savage,"야만인, 잔인한"
barbarian,"야만인"
heathen,"이교도"
pagan,"이교도"
infidel,"무신론자, 이교도"
heretic,"이단자"
schismatic,"분파론자"
apostate,"배교자"
renegade,"배신자"
turncoat,"변절자"
traitor,반역자
defector,"탈북자, 망명자"
deserter,"탈영병"
runaway,"도망자"
fugitive,"도망자"
exile,망명자
outcast,"추방당한 사람"
pariah,"천민, 따돌림 받는 사람"
leper,"나병환자"
untouchable,"천민, 손댈 수 없는"
scavenger,"청소부, 썩은 고기를 먹는 동물"
ragpicker,"고물상"
junkman,"고물상"
dustman,"청소부"
garbage_man,"청소부"
street_sweeper,"거리 청소부"
charwoman,"청소부"
cleaning_lady,"청소부"
maid,"하녀"
housekeeper,가정부"
servant,"하인"
lackey,"하인, 추종자"
flunkey,"하인"
valet,"시종, 하인"
footman,"하인"
butler,"집사"
major_domo,"집사"
chamberlain,"시종관"
page,"페이지, 시종"
squire,"지주, 시종"
knight,"기사"
cavalier,"기사, 거만한"
warrior,"전사"
soldier,"군인"
trooper,"기병, 주경찰관"
guardsman,"경비원"
sentinel,"보초"
sentry,"보초"
watchman,경비원"
patrolman,"순찰경관"
policeman,"경찰관"
constable,"순경"
sheriff,"보안관"
marshal,"원수, 보안관"
ranger,"레인저, 공원 관리원"
warden,관리인"
jailer,"교도관"
turnkey,"교도관"
hangman,"교수형 집행인"
executioner,처형자"
assassin,"암살자"
killer,"살인마"
murderer,"살인범"
slayer,"살인자"
butcher,"정육점 주인, 도살자"
slaughterer,"도살자"
hunter,"사냥꾼"
trapper,"덫 사냥꾼"
poacher,"밀렵꾼"
fisher,"어부"
fisherman,"어부"
angler,"강태공, 낚시꾼"
troller,"낚시꾼"
whaler,"고래잡이 선원"
sealer,"물개잡이 선원"
woodcutter,"나무꾼"
lumberjack,"벌목꾼"
logger,"벌목꾼"
forester,"산림관"
gamekeeper,"사냥터 관리인"
farmer,"농부"
agriculturist,"농학자"
planter,"농장주"
peasant,"소작농"
tenant_farmer,"소작농"
sharecropper,"소작농"
husbandman,"농부"
yeoman,"자영농"
rancher,"목장주"
cowboy,"카우보이"
drover,"가축 몰이꾼"
shepherd,"양치기"
herdsman,"목자"
grazier,"목축업자"
flockmaster,"양치기"
dairyman,"낙농업자"
milkman,"우유 배달원"
grocer,"식료품 잡화상"
greengrocer,"채소가게 주인"
fruiterer,"과일상"
butcher,정육점 주인"
fishmonger,"생선 장수"
poulterer,"가금류 판매상"
cheesemonger,"치즈 상인"
vintner,포도주 상인"
tobacconist,"담배 상인"
confectioner,제과업자"
stationer,"문구상"
bookseller,"서점 주인"
publisher,"출판업자"
printer,"인쇄업자"
binder,"제본업자"
papermaker,"제지업자"
stationer,문구상"
newsagent,"신문 보급소"
journalist,"기자"
reporter,"기자"
correspondent,"특파원"
editor,"편집장"
columnist,"칼럼니스트"
reviewer,"비평가"
critic,"비평가"
commentator,"해설가"
announcer,"아나운서"
broadcaster,"방송인"
anchorman,"앵커"
newsreader,"앵커"
presenter,"진행자"
host,사회자"
comperer,"사회자"
moderator,"중재자, 사회자"
speaker,"연사, 하원의장"
orator,"웅변가"
lecturer,"강사"
preacher,설교자"
evangelist,"전도사"
missionary,"선교사"
priest,"신부, 성직자"
clergyman,"성직자"
minister,"목사, 장관"
pastor,"목사"
vicar,"교구 목사"
curate,"부목사"
rector,"교구 목사, 총장"
dean,"학장, 주임신부"
canon,"교리, 대포, 수사"
bishop,"주교"
archbishop,"대주교"
cardinal,"추기경, 주요한"
pope,"교황"
patriarch,"가장, 족장"
abbot,"수도원장"
abbess,"수녀원장"
monk,"수도사"
nun,"수녀"
friar,"수도사"
prior,"이전의, 수도원 부원장"
prioress,"수녀원 부원장"
novice,"초보자, 수련 수사"
acolyte,"시종, 조수"
sexton,"종지기"
verger,"성당지기"
beadle,"교구 관리"
churchwarden,"교구 위원"
elder,"장로, 나이가 더 많은"
deacon,"집사"
chaplain,"원목, 교도소 목사"
rabbi,"라비"
mullah,"이슬람 신학자"
ayatollah,"아야톨라"
imam,"이맘"
mufti,"이슬람 법학자"
muezzin,"무에진"
guru,"구루, 스승"
yogi,"요가 수행자"
fakir,"고행자"
dervish,"이슬람 고행승"
monk,수도사"
lama,"라마 승려"
bonze,"승려"
priest,성직자"
shaman,"샤먼, 무당"
witch_doctor,"주술사"
medicine_man,"주술사"
sorcerer,"마법사"
wizard,"마법사"
magician,"마술사"
illusionist,"마술사"
conjurer,"마술사"
necromancer,"강령술사"
warlock,"남성 마법사"
witch,"마녀"
hag,"늙은 마녀"
crone,"늙은이"
beldam,"노파"
amazon,"아마존, 여전사"
giant,"거인"
dwarf,"난쟁이"
midget,"난쟁이"
pigmy,"피그미"
elf,"요정"
fairy,"요정"
pixie,"요정"
sprite,"요정"
goblin,"도깨비"
gnome,"땅속 요정"
troll,괴물"
ogre,"식인 괴물"
monster,"괴물"
fiend,"악마"
demon,"악마"
devil,"악마"
satan,"사탄"
lucifer,"루시퍼"
archangel,"천사장"
angel,"천사"
cherub,"아기 천사"
seraph,"치천사"
saint,"성인"
martyr,"순교자"
confessor,"고해 신부"
penitent,"참회하는 사람"
convert,"전향자"
proselyte,"개종자"
disciple,"제자"
follower,"추종자"
adherent,"지지자"
votary,"숭배자"
devotee,"열성적인 애호가"
enthusiast,"열광적인 팬"
fanatic,"광신도"
zealot,"광신도"
partisan,당파적인 사람"
bigot,"편협한 사람"
dogmatist,"독단주의자"
doctrinaire,"공리공론가"
theorist,"이론가"
ideologue,"이데올로기 주창자"
philosopher,"철학자"
thinker,"사상가"
sage,현자"
scholar,"학자"
academic,"교수, 학업의"
professor,"교수"
don,"교수, 보스"
fellow,"연구원, 동료"
tutor,"개인 교사"
teacher,"교사"
instructor,"강사"
master,"주인, 거장"
mistress,"여주인, 정부"
governess,"가정교사"
pedagogue,"교사"
schoolmaster,"교장"
schoolmistress,"여교장"
principal,교장"
headmaster,"교장"
headmistress,"여교장"
chancellor,"총장, 재무장관"
rector,총장"
provost,"교무처장"
dean,학장"
professor,교수"
lecturer,강사"
reader,"독자, 부교수"
tutor,개인 교사"
demonstrator,"시위자, 조교"
proctor,"시험 감독관"
invigilator,"시험 감독관"
examiner,시험관"
moderator,중재자"
assessor,평가자"
inspector,조사관"
superintendent,"관리자, 서장"
supervisor,"관리자, 감독관"
overseer,"감독관"
foreman,"십장, 작업반장"
boss,"상사"
manager,"매니저"
director,"감독, 이사"
executive,"임원"
administrator,관리자"
governor,"주지사, 이사"
ruler,"통치자"
sovereign,주권자"
monarch,군주"
king,"왕"
queen,"여왕"
emperor,황제"
empress,"황후"
tsar,"차르, 독재자"
kaiser,"카이저"
sultan,"술탄"
shah,"샤"
emir,"에미르"
sheikh,"셰이크"
rajah,"라자"
maharajah,"마하라자"
nabob,"지방 태수, 부호"
mogul,"모굴, 거물"
magnate,"거물"
tycoon,"거물"
baron,"남작, 거물"
lord,"영주, 주님"
peer,"또래, 귀족, 응시하다"
noble,"귀족, 고결한"
aristocrat,"귀족"
patrician,"귀족의"
plebeian,"평민의"
commoner,"평민"
peasant,농부"
serf,"농노"
slave,"노예"
bondman,"노예"
thrall,"노예, 속박"
helot,"노예"
captive,포로"
hostage,인질"
victim,"피해자"
casualty,"사상자"
martyr,순교자"
sufferer,"고통받는 사람"
patient,환자, 인내심 있는"
invalid,"환자, 무효의"
convalescent,"회복기의 환자"
outpatient,"외래환자"
inpatient,"입원환자"
cripple,"불구로 만들다"
amputee,"절단 수술을 받은 사람"
paralytic,"중풍 환자"
spastic,"뇌성마비 환자"
epileptic,"간질 환자"
lunatic,"미치광이"
maniac,"미치광이"
madman,"미치광이"
psychopath,"사이코패스"
sociopath,"소시오패스"
neurotic,"신경증 환자"
hypochondriac,"건강염려증 환자"
valetudinarian,"건강염려증 환자"
atrabilarian,"우울증 환자"
splenetic,"화를 잘 내는 사람"
melancholic,"우울증 환자"
phlegmatic,"냉정한 사람"
sanguine,"낙관적인 사람"
choleric,"화를 잘 내는 사람"
billious,"화를 잘 내는 사람"
splenetic,화를 잘 내는 사람"
peevish,"화를 잘 내는 사람"
waspish,"화를 잘 내는 사람"
testy,"화를 잘 내는 사람"
touchy,"민감한 사람"
cranky,"까다로운 사람"
cross,"건너다, 화난 사람"
grouchy,"불평이 많은 사람"
grumpy,"덜 자란 사람, 퉁명스러운 사람"
surly,"퉁명스러운 사람"
sullen,"시무룩한 사람"
morose,"시무룩한 사람"
glum,"시무룩한 사람"
dour,"시무룩한 사람"
grim,"엄격한 사람"
stern,"엄격한 사람"
severe,"엄격한 사람"
strict,"엄격한 사람"
rigid,엄격한 사람"
rigorous,"엄격한 사람"
austere,"소박한 사람, 엄격한 사람"
ascetic,"금욕주의자"
hermit,"은둔자"
anchorite,"은둔자"
recluse,"은둔자"
cenobite,"공동 수도 생활자"
monk,수도사"
nun,수녀"
friar,수도사"
abbot,수도원장"
prior,수도원 부원장"
provost,교무처장"
warden,관리인"
ranger,레인저"
keeper,"파수꾼"
guardian,수호자"
ward,"병동, 피보호자"
protege,"피보호자"
dependent,"부양가족, 의존적인"
minor,"미성년자, 소수의"
infant,"유아"
baby,"아기"
toddler,"걸음마 단계의 아이"
child,"아이"
urchin,"부랑아, 성게"
waif,"부랑아"
stray,길을 잃은 사람"
orphan,"고아"
foundling,"기아, 버려진 아이"
bastard,"서자, 사생아"
whelp,"강아지, 녀석"
cub,"새끼 짐승"
puppy,"강아지"
kitten,"새끼 고양이"
lamb,"새끼 양"
calf,"송아지, 종아리"
foal,"망아지"
colt,"망아지"
filly,"암망아지"
yearling,"한 살짜리 동물"
fledgling,"풋내기, 어린 새"
nestling,"둥지를 떠나지 않은 어린 새"
chick,"병아리"
duckling,"새끼 오리"
gosling,"새끼 거위"
cygnet,"새끼 백조"
leveret,"새끼 토끼"
bunny,"토끼"
piglet,"새끼 돼지"
shoat,"새끼 돼지"
runt,"가장 작은 새끼"
monster,괴물"
prodigy,"영재, 신동"
marvel,"경이"
wonder,"경이, 궁금해하다"
miracle,"기적"
phenomenon,"현상"
spectacle,"구경거리, 안경"
sight,"시력, 광경"
view,"시야, 견해"
prospect,"전망, 가능성"
outlook,"전망, 예측"
perspective,"관점, 원근법"
vista,"전망, 풍경"
landscape,"풍경"
seascape,"바다 풍경"
cloudscape,"구름 풍경"
townscape,"도시 풍경"
cityscape,"도시 풍경"
scenery,"경치"
scene,"장면, 현장"
setting,"배경, 설정"
background,"배경"
foreground,"전경"
midground,"중경"
horizon,"지평선"
skyline,"스카이라인"
zenith,"정점"
nadir,"최저점"
apex,"정점"
vertex,"정점, 꼭짓점"
crest,문장, 정점"
peak,"정점, 산봉우리"
summit,"정점, 정상 회담"
pinnacle,"정점, 침봉"
climax,"절정"
acme,"정점"
culmination,"정점, 최고조"
apogee,"최고점, 원지점"
perigee,"근지점"
perihelion,"근일점"
aphelion,"원일점"
solstice,"하지, 동지"
equinox,"춘분, 추분"
season,계절, 양념하다"
spring,"봄, 스프링, 튀다"
summer,"여름"
autumn,"가을"
fall,"가을, 떨어지다"
winter,"겨울"
solstice,하지, 동지"
equinox,춘분, 추분"
tide,"조수, 조류"
flood,"홍수"
ebb,"간조, 쇠퇴하다"
flow,"흐름"
current,흐름, 현재의"
stream,"시내, 흐름"
torrent,"급류"
cascade,"작은 폭포"
waterfall,"폭포"
cataract,"폭포, 백내장"
geyser,"간헐천"
spring,봄, 온천"
fountain,"분수, 근원"
well,"우물, 잘"
source,"원천, 근원"
origin,"기원"
root,"뿌리"
stem,줄기, 막다"
stalk,"줄기, 스토킹하다"
trunk,"나무 줄기, 트렁크, 코끼리 코"
bough,"큰 나뭇가지"
branch,"나뭇가지, 지점"
twig,"작은 나뭇가지"
sprig,"작은 가지"
shoot,"싹, 쏘다"
bud,"싹"
blossom,"꽃"
flower,꽃"
bloom,꽃"
efflorescence,"개화, 전성기"
inflorescence,"개화"
petal,"꽃잎"
sepal,"꽃받침"
stamen,"수술"
pistil,"암술"
carpel,"심피"
ovary,"씨방, 난소"
ovule,"밑씨"
seed,"씨앗"
grain,"곡물, 알갱이"
kernel,"알갱이, 핵심"
nut,"견과류"
berry,"베리, 열매"
fruit,과일"
pod,"꼬투리"
shell,"껍질"
husk,"껍질"
chaff,"왕겨, 놀림"
bran,"밀가루 껍질"
flour,"밀가루"
meal,"식사, 가루"
powder,"가루"
dust,먼지"
ash,재"
cinder,타다 남은 조각"
slag,"슬래그"
dross,"찌꺼기"
scum,찌꺼기"
dregs,찌꺼기"
sediment,침전물"
silt,침전물"
mud,진흙"
mire,진흙"
sludge,"진흙"
slime,"점액"
mucus,"점액"
phlegm,"가래, 냉정함"
saliva,"침"
spit,"침을 뱉다"
sputum,"가래"
sweat,"땀"
perspiration,"땀"
tear,"눈물, 찢다"
rheum,"눈곱"
pus,"고름"
bile,"담즙, 분노"
gall,"담즙, 뻔뻔함"
spleen,"비장, 분노"
liver,"간"
kidney,"신장"
bladder,"방광"
stomach,"위, 배"
belly,"배"
abdomen,복부"
gut,"내장, 직관"
bowel,"창자, 내부"
intestine,"장, 창자"
viscera,"내장"
entrails,"내장"
giblets,"가금류 내장"
offal,"내장, 쓰레기"
carrion,"썩은 고기"
corpse,"시체"
carcass,"시체"
cadaver,"시체"
mummy,"미라"
skeleton,골격"
bones,"뼈"
remains,"유해, 유적"
relic,"유물"
antique,"골동품"
curio,"골동품"
rarity,"희귀품"
novelty,"신비함, 신제품"
innovation,"혁신"
invention,발명품"
discovery,"발견"
find,"발견물"
treasure,보물"
hoard,비축하다"
store,"상점, 저장하다"
stock,재고"
supply,"공급"
reserve,"비축, 예약하다"
fund,기금"
pool,"수영장, 공동 자금"
cache,"은닉처"
depot,"창고, 비행장"
warehouse,"창고"
godown,"창고"
granary,"곡물창고"
barn,"곳간, 외양간"
stable,마구간, 안정된"
sty,"돼지우리"
kennel,개집"
coop,"닭장"
cage,새장"
aviary,새장"
menagerie,"이동 동물원"
zoo,"동물원"
aquarium,"수족관"
terrarium,"테라리움"
vivarium,"사육장"
apiary,"양봉장"
beehive,"벌통"
hive,"벌통, 북새통"
nest,"둥지"
burrow,"굴, 파다"
den,"굴"
lair,"굴"
hole,"구멍"
cave,"동굴"
cavern,"큰 동굴"
grotto,"작은 동굴"
tunnel,"터널"
shaft,"수직 통로, 자루"
pit,"구멍, 피트"
mine,광산, 나의 것"
quarry,"채석장, 사냥감"
trench,"참호, 도랑"
ditch,"도랑"
moat,"해자"
channel,경로"
canal,운하"
aqueduct,도수교"
pipeline,"파이프라인"
conduit,"도관"
duct,"도관"
pipe,"파이프"
tube,"튜브"
hose,"호스"
siphon,"사이폰"
pump,"펌프"
valve,밸브"
faucet,"수도꼭지"
tap,"수도꼭지, 두드리다"
spigot,"수도꼭지"
plug,"플러그, 마개"
bung,"마개"
cork,"코르크 마개"
stopper,"마개"
lid,"뚜껑"
cap,모자, 뚜껑"
cover,"덮개"
envelope,"봉투"
wrapper,"포장지"
case,상자, 경우"
box,"상자"
carton,"판지 상자"
crate,"나무 상자"
chest,"가슴, 상자"
coffin,"관"
casket,"관, 보석 상자"
urn,"유골함, 주전자"
vase,"화병"
pot,"냄비, 단지"
pan,"냄비"
kettle,"주전자"
cauldron,"가마솥"
boiler,"보일러"
tank,"탱크, 수조"
vat,"큰 통"
barrel,"통, 배럴"
cask,"통"
tun,"큰 통"
tub,"욕조"
basin,"대야, 분지"
bowl,사발"
dish,"접시"
plate,"접시"
platter,"큰 접시"
tray,쟁반"
saucer,"받침 접시"
cup,"컵"
mug,"머그잔"
beaker,"비커"
flask,플라스크"
carafe,"유리병"
decanter,"디켄터"
jug,"주전자"
pitcher,주전자"
jar,"단지"
bottle,"병"
vial,"유리병"
phial,"유리병"
ampoule,"앰플"
syringe,"주사기"
needle,"바늘"
pin,핀"
tack,"압정, 방향"
nail,"못, 손톱"
screw,"나사"
bolt,볼트"
nut,너트"
washer,"와셔, 세탁기"
rivet,"리벳"
solder,"납땜"
glue,"풀, 접착제"
paste,풀"
cement,"시멘트"
mortar,"박격포, 모르타르"
concrete,"콘크리트, 구체적인"
brick,"벽돌"
tile,"타일"
slate,"슬레이트"
shingle,"지붕널"
thatch,"초가"
straw,"짚, 빨대"
hay,"건초"
fodder,"사료"
forage,"사료, 찾아다니다"
pasture,목초지"
meadow,"목초지"
lawn,"잔디밭"
turf,"잔디, 영역"
sod,"잔디"
peat,"토탄"
moss,"이끼"
lichen,"지의류"
fern,고사리"
weed,"잡초"
shrub,"관목"
bush,"관목, 덤불"
thicket,"덤불"
brake,브레이크, 덤불"
copse,"잡목림"
coppice,"잡목림"
grove,잡목림"
wood,"나무, 숲"
woods,"숲"
forest,숲"
jungle,"정글"
taiga,"타이가"
tundra,"툰드라"
steppe,"스텝 평원"
savanna,"사바나"
prairie,"대평원"
pampa,"팜파스"
llano,"야노 평원"
veldt,"벨트 평원"
moor,"황무지, 정박하다"
heath,"황무지"
common,"공동의, 공유지"
waste,"낭비, 황무지"
desert,"사막, 버리다"
wilderness,"황무지"
wilds,"황무지"
backwoods,"오지"
hinterland,"배후지, 오지"
outback,"오지"
bush,덤불, 오지"
jungle,정글, 난장판"
swamp,습지"
marsh,습지"
bog,습지"
fen,습지"
quagmire,수렁"
slough,"진창, 슬럼프"
morass,난국"
mire,수렁"
mud,진흙"
sludge,진흙"
ooze,"부드러운 진흙, 흘러나오다"
slime,점액"
scum,찌꺼기"
dregs,찌꺼기"
refuse,"거절하다, 쓰레기"
garbage,"쓰레기"
rubbish,"쓰레기"
trash,"쓰레기"
waste,낭비, 쓰레기"
litter,"쓰레기, 어지럽히다"
debris,"잔해"
rubble,"파편"
detritus,"폐기물"
scree,"너덜달"
talus,"너덜달"
cliff,"절벽"
precipice,"절벽"
crag,"험한 바위"
bluff,"허세, 절벽"
precipice,절벽"
abyss,"심연"
chasm,"아주 깊은 틈"
gorge,"협곡"
canyon,"협곡"
ravine,"협곡"
glen,"골짜기"
valley,"계곡"
vale,"계곡"
dale,"계곡"
strath,"넓은 계곡"
basin,분지"
plateau,"고원"
tableland,"고원"
mesa,"메사"
butte,"외딴 산"
hill,"언덕"
mount,"산, 오르다"
mountain,산"
peak,산봉우리"
summit,정상"
crest,산마루"
ridge,"산등성이"
range,"범위, 산맥"
chain,"사슬, 산맥"
cordillera,"산맥"
sierra,"산맥"
massif,"단층 지괴"
alp,"높은 산"
volcano,"화산"
crater,분화구"
caldera,"칼데라"
fumarole,"분기공"
geyser,간헐천"
hot_spring,"온천"
spa,"온천, 스파"
resort,"리조트, 의지하다"
retreat,"후퇴, 피난처"
sanctuary,보호구역"
asylum,망명"
refuge,피난처"
shelter,"피난처, 쉼터"
cover,덮개, 은신처"
screen,"화면, 차단막"
shield,"방패, 보호하다"
armor,"갑옷"
mail,"우편, 갑옷"
cuirass,"흉갑"
buckler,"작은 방패"
targe,"방패"
shield,방패"
aegis,"방호, 보호"
protection,"보호"
defense,"방어"
safeguard,"보호 장치"
security,보안"
safety,"안전"
welfare,복지"
well-being,"행복, 안녕"
happiness,"행복"
felicity,"경사, 행복"
bliss,"더없는 행복"
beatitude,"복"
blessing,"축복"
benediction,"축복 기도"
benison,"축복"
grace,"우아함, 은혜"
mercy,"자비"
clemency,"관용"
leniency,"관용"
quarter,"분기, 구역, 자비"
pity,"연민"
compassion,"연민"
sympathy,"동정, 공감"
empathy,"공감"
fellow-feeling,"공감"
solidarity,"연대, 결속"
unity,결속"
harmony,조화"
concord,조화"
peace,"평화"
tranquility,"평온"
serenity,"평온"
calm,"진정, 평온"
quiet,"조용한"
stillness,"고요함"
silence,"침묵"
hush,"침묵, 조용히 시키다"
lull,"달래다, 소강상태"
respite,"유예, 휴식"
pause,"멈춤"
intermission,"휴식 시간"
interval,"간격"
break,깨다, 휴식"
recess,"휴회, 구석"
vacation,"휴가"
holiday,"휴가, 공휴일"
furlough,"휴가"
leave,"떠나다, 휴가"
absence,"결석, 부재"
non-attendance,"불참"
truancy,"무단결석"
desertion,탈영"
defection,망명"
apostasy,"배교"
heresy,"이단"
schism,"분파"
split,"분열"
rupture,"파열"
fracture,"골절, 균열"
breach,"위반, 균열"
fissure,"길게 갈라진 틈"
cleft,"갈라진 틈"
crack,"틈, 깨지다"
slit,"좁고 긴 구멍"
slot,"구멍, 자리"
groove,"홈, 그루브"
notch,"표시, 급수"
indentation,"자국"
dent,"움푹 들어간 곳"
hollow,"속이 빈, 분지"
cavity,"구멍, 충치"
hole,구멍"
pit,피트, 구멍"
crater,분화구"
depression,"우울증, 불황, 오목한 곳"
sag,"처짐"
sink,"싱크대, 가라앉다 Sag, 처짐"
dip,"살짝 담그다, 하락"
drop,"떨어지다, 방울"
fall,떨어지다"
decline,"감소하다, 거절하다"
decrease,"감소하다"
diminution,"감소"
reduction,"줄임"
abatement,"감소, 감해짐"
mitigation,"완화"
alleviation,"완화"
palliation,"완화"
relief,안도, 완화"
remedy,치료법"
cure,치료하다"
healing,"치료"
recovery,"회복"
restoration,"복원"
renovation,"수리, 혁신"
renewal,"재생, 갱신"
revival,"부활"
resuscitation,"소생"
resurrection,"부활"
rebirth,"재생"
regeneration,"재생"
reproduction,"번식, 복제"
duplication,"복제"
copy,"복사"
replica,"복제품"
facsimile,"팩시밀리, 복사"
imitation,"모방"
counterfeit,"위조의"
fake,"가짜"
sham,"가짜, 사기"
bogus,"가짜의"
phoney,"가짜의"
spurious,"가짜의"
factitious,"인위적인"
artificial,"인공적인"
synthetic,"합성의"
imitation,모방"
substitute,"대체품"
replacement,"교체"
proxy,"대리인"
deputy,"부관, 대리"
delegate,"대표"
representative,"대표"
envoy,사절"
ambassador,대사"
emissary,"특사"
messenger,"심부름꾼"
herald,"전령, 예고하다"
harbinger,"선구자"
precursor,"선구자"
forerunner,"선구자"
ancestor,"조상"
forefather,"조상"
progenitor,"조상"
predecessor,전임자"
antecedent,"선행 사건"
antique,골동품"
relic,유물"
vestige,"흔적"
trace,"흔적, 추적하다"
track,추적하다, 선로"
trail,"오솔길, 끌다"
path,"길"
footprint,"발자국"
spoor,"발자국"
scent,향기, 냄새"
odor,악취"
smell,"냄새"
savor,맛, 풍미"
taste,맛"
flavor,풍미"
relish,즐기다"
gusto,"열정"
zest,열정"
enthusiasm,"열정"
ardor,"열정"
fervor,"열정"
zeal,"열정"
passion,"열정"
emotion,"감정"
feeling,"느낌, 감정"
sentiment,"정서, 감정"
affection,"애정"
love,"사랑"
attachment,"애착, 첨부"
devotion,"헌신"
loyalty,"충성"
fidelity,"신의, 충실"
allegiance,"충성"
fealty,"충성 서약"
homage,"경의"
respect,"존경"
esteem,"존경"
regard,"간주하다, 존경"
admiration,"감탄, 존경"
veneration,"존경"
reverence,"존경"
awe,"경외감"
dread,"공포"
fear,"두려움"
terror,"공포"
horror,"공포"
panic,"공황"
alarm,"경보, 공포"
consternation,"실망"
dismay,"실망, 경악"
apprehension,"우려, 체포"
anxiety,"불안, 걱정"
solicitous,"염려하는"
solitude,고독"
seclusion,"은둔"
privacy,"사생활"
isolation,"고립"
alienation,"소외"
estrangement,"소외"
separation,"분리"
divorce,"이혼"
schism,분파"
rift,"균열"
split,분열"
breach,위반, 균열"
rupture,파열"
burst,"터지다"
explosion,폭발"
blast,돌풍, 폭발"
eruption,분출"
outbreak,발발"
upheaval,"격변"
revolution,"혁명"
rebellion,반란"
revolt,"반란을 일으키다"
insurrection,"반란"
mutiny,"폭동, 반란"
riot,"폭동"
disturbance,"방해, 소란"
turmoil,"혼란"
chaos,혼혼"
anarchy,무정부 상태"
lawlessness,"무법 상태"
disorder,무질서"
confusion,"혼란"
muddle,"혼란스럽게 만들다"
jumble,"뒤섞다"
clutter,"어지럽히다"
litter,쓰레기, 어지럽히다"
mess,"엉망진창"
shambles,"장단판, 도살장"
slaughterhouse,"도살장"
abattoir,"도살장"
shambles,난장판"
wreck,"난파선, 망가뜨리다"
ruin,"파멸, 망치다"
destruction,파괴"
demolition,"폭파, 해체"
devastation,"황폐화"
desolation,"황폐함"
waste,낭비"
havoc,"대파괴"
ravage,"황폐하게 만들다"
pillage,"약탈하다"
plunder,약탈하다"
sack,"자루, 해고하다, 약탈하다"
loot,"약탈품"
booty,"전리품"
spoil,"망치다, 전리품"
prize,"상, 소중히 여기다"
reward,"보상"
recompense,"보상"
remuneration,보수"
guerdon,"보상"
meed,"보상"
desert,"사막, 응분의 보상"
merit,"장점, 가치"
worth,"가치"
value,"가치"
excellence,"탁월함"
perfection,"완벽"
flawlessness,"결점 없음"
impeccability,"죄 없음, 결점 없음"
faultlessness,"결점 없음"
purity,순수"
innocence,"무죄, 순진"
guiltlessness,"무죄"
blamelessness,"비난할 게 없음"
righteousness,"정의로움"
virtue,"미덕, 장점"
goodness,"선함"
morality,"도덕성"
ethics,"윤리학"
principles,"원칙"
scruples,"양심의 가책"
compunction,"양심의 가책"
remorse,"후회"
regret,"후회하다"
repentance,"회개"
penitence,참회"
contrition,"회개"
atonement,"속죄"
expiation,"속죄"
propitiation,"달래기, 화해"
reconciliation,"화해"
appeasement,"달래기, 양보"
pacification,"화해"
peace,"평화"
concord,조화"
amity,"우호"
friendship,"우정"
fellowship,"유대감, 장학금"
comradeship,"동료애"
fraternity,"박애, 남학생 사교클럽"
brotherhood,"형제애"
sorority,"여학생 사교클럽"
sisterhood,"자매애"
kinship,"친족 관계"
affinity,"친밀감, 유사성"
relationship,"관계"
connection,"연결"
bond,결속"
tie,"유대, 넥타이"
link,"연결"
junction,"교차로, 연결 지점"
intersection,"교차로"
crossroad,"교차로"
interchange,"인터체인지"
node,"마디, 노드"
hub,중심지"
center,"중심"
core,"핵심"
heart,"심장, 핵심"
kernel,핵심"
nucleus,"핵, 중심"
focus,"초점"
cynosure,"관심의 대상"
lodestar,"북극성, 지침"
guide,안내자"
director,감독"
leader,"지도자"
chief,"최고의, 추장"
head,"머리, 우두머리"
master,주인"
lord,영주"
monarch,군주"
ruler,통치자"
sovereign,주권자"
king,왕"
queen,여왕"
emperor,황제"
empress,황후"
tsar,차르"
kaiser,카이저"
sultan,술탄"
shah,샤"
emir,에미르"
sheikh,셰이크"
rajah,라자"
maharajah,마하라자"
nabob,부호"
mogul,거물"
magnate,거물"
tycoon,거물"
baron,거물"
lord,영주"
peer,귀족"
noble,귀족"
aristocrat,귀족"
patrician,귀족"
plebeian,평민"
commoner,평민"
peasant,농부"
serf,농노"
slave,노예"
bondman,노예"
thrall,속박"
helot,노예"
captive,포로"
hostage,인질"
victim,피해자"
casualty,사상자"
martyr,순교자"
sufferer,고통받는 사람"
patient,환자"
invalid,환자"
convalescent,회복기 환자"
outpatient,외래환자"
inpatient,입원환자"
cripple,불구자"
amputee,절단 수술을 받은 사람"
paralytic,중풍 환자"
spastic,뇌성마비 환자"
epileptic,간질 환자"
lunatic,미치광이"
maniac,미치광이"
madman,미치광이"
psychopath,사이코패스"
sociopath,소시오패스"
neurotic,신경증 환자"
hypochondriac,건강염려증 환자"
valetudinarian,건강염려증 환자"
atrabilarian,우울증 환자"
splenetic,화를 잘 내는 사람"
melancholic,우울증 환자"
phlegmatic,냉정한 사람"
sanguine,낙관적인 사람"
choleric,화를 잘 내는 사람"
billious,화를 잘 내는 사람"
splenetic,화를 잘 내는 사람"
peevish,화를 잘 내는 사람"
waspish,화를 잘 내는 사람"
testy,화를 잘 내는 사람"
touchy,민감한 사람"
cranky,까다로운 사람"
cross,화난 사람"
grouchy,불평이 많은 사람"
grumpy,퉁명스러운 사람"
surly,퉁명스러운 사람"
sullen,시무룩한 사람"
morose,시무룩한 사람"
glum,시무룩한 사람"
dour,시무룩한 사람"
grim,엄격한 사람"
stern,엄격한 사람"
severe,엄격한 사람"
strict,엄격한 사람"
rigid,엄격한 사람"
rigorous,엄격한 사람"
austere,엄격한 사람"
ascetic,금욕주의자"
hermit,은둔자"
anchorite,은둔자"
recluse,은둔자"
cenobite,공동 수도 생활자"
monk,수도사"
nun,수녀"
friar,수도사"
abbot,수도원장"
prior,수도원 부원장"
provost,교무처장"
warden,관리인"
ranger,레인저"
keeper,파수꾼"
guardian,수호자"
ward,피보호자"
protege,피보호자"
dependent,부양가족"
minor,미성년자"
infant,유아"
baby,아기"
toddler,걸음마 아기"
child,아이"
urchin,부랑아"
waif,부랑아"
stray,길 잃은 사람"
orphan,고아"
foundling,기아"
bastard,사생아"
whelp,녀석"
cub,새끼"
puppy,강아지"
kitten,새끼 고양이"
lamb,새끼 양"
calf,송아지"
foal,망아지"
colt,망아지"
filly,암망아지"
yearling,한 살짜리 동물"
fledgling,풋내기"
nestling,어린 새"
chick,병아리"
duckling,새끼 오리"
gosling,새끼 거위"
cygnet,새끼 백조"
leveret,새끼 토끼"
bunny,토끼"
piglet,새끼 돼지"
shoat,새끼 돼지"
runt,가장 작은 새끼"
monster,괴물"
prodigy,신동"
marvel,경이"
wonder,경이"
miracle,기적"
phenomenon,현상"
spectacle,구경거리"
sight,광경"
view,시야"
prospect,전망"
outlook,전망"
perspective,관점"
vista,전망"
landscape,풍경"
seascape,바다 풍경"
cloudscape,구름 풍경"
townscape,도시 풍경"
cityscape,도시 풍경"
scenery,경치"
scene,장면"
setting,배경"
background,배경"
foreground,전경"
midground,중경"
horizon,지평선"
skyline,스카이라인"
zenith,정점"
nadir,최저점"
apex,정점"
vertex,정점"
crest,정점"
peak,산봉우리"
summit,정상"
pinnacle,정점"
climax,절정"
acme,정점"
culmination,정점"
apogee,최고점"
perigee,근지점"
perihelion,근일점"
aphelion,원일점"
solstice,하지/동지"
equinox,춘분/추분"
season,계절"
spring,봄"
summer,여름"
autumn,가을"
fall,가을"
winter,겨울"
solstice,하지/동지"
equinox,춘분/추분"
tide,조수"
flood,홍수"
ebb,간조"
flow,흐름"
current,조류"
stream,시내"
torrent,급류"
cascade,작은 폭포"
waterfall,폭포"
cataract,백내장"
geyser,간헐천"
spring,온천"
fountain,분수"
well,우물"
source,원천"
origin,기원"
root,뿌리"
stem,줄기"
stalk,줄기"
trunk,나무 줄기"
bough,큰 나뭇가지"
branch,나뭇가지"
twig,작은 나뭇가지"
sprig,작은 가지"
shoot,싹"
bud,싹"
blossom,꽃"
flower,꽃"
bloom,꽃"
efflorescence,개화"
inflorescence,개화"
petal,꽃잎"
sepal,꽃받침"
stamen,수술"
pistil,암술"
carpel,심피"
ovary,씨방"
ovule,밑씨"
seed,씨앗"
grain,곡물"
kernel,알갱이"
nut,견과류"
berry,열매"
fruit,과일"
pod,꼬투리"
shell,껍질"
husk,껍질"
chaff,왕겨"
bran,속껍질"
flour,밀가루"
meal,식사/가루"
powder,가루"
dust,먼지"
ash,재"
cinder,타다 남은 조각"
slag,슬래그"
dross,찌꺼기"
scum,찌꺼기"
dregs,찌꺼기"
sediment,침전물"
silt,침전물"
mud,진흙"
mire,수렁"
sludge,진흙"
ooze,진흙"
slime,점액"
mucus,점액"
phlegm,가래"
saliva,침"
spit,침"
sputum,가래"
sweat,땀"
perspiration,땀"
tear,눈물"
rheum,눈곱"
pus,고름"
bile,담즙"
gall,뻔뻔함"
spleen,비장"
liver,간"
kidney,신장"
bladder,방광"
stomach,위"
belly,배"
topography,"지형, 지형학"
valley,"계곡, 골짜기"
gorge,"협곡"
cliff,"절벽"
plateau,"고원"
plain,"평원, 명백한"
savanna,"사바나 초원"
tundra,"툰드라"
swamp,"늪, 습지"
marsh,"습지"
glacier,"빙하"
iceberg,"빙산"
island,"섬"
peninsula,"반도"
continent,"대륙, 자제하는"
ocean,"대양, 바다"
sea,"바다"
strait,"해협"
gulf,"만"
bay,"만"
cape,"곶, 망토"
reef,"암초"
abyss,"심연, 끝없는 심해"
current,"해류, 현재의"
tide,"조수, 조류"
wave,"파도, 흔들다"
ripple,"잔물결"
whirlpool,"소용돌이"
waterfall,"폭포"
stream,"시내, 흐름"
river,"강"
lake,"호수"
pond,"연못"
fountain,"분수, 근원"
spring,"온천, 봄, 튀다"
well,"우물, 잘"
aqueduct,"수로, 도수교"
canal,"운하, 수로"
dam,"댐"
reservoir,"저수지"
irrigation,"관개, 물을 대기"
agriculture,"농업"
cultivation,"경작, 재배"
harvest,"수확, 거두다"
crop,"농작물, 자르다"
grain,"곡물, 알갱이"
wheat,"밀"
barley,"보리"
rice,"쌀, 벼"
corn,"옥수수"
vegetable,"채소"
fruit,"과일"
berry,"베리류 열매"
nut,"견과류"
seed,"씨앗"
root,"뿌리"
stem,"줄기"
leaf,"잎"
blossom,"꽃, 개화하다"
flower,"꽃"
bloom,"꽃, 번창하다"
bark,"나무껍질, 짖다"
branch,"나뭇가지, 지점"
twig,"작은 나뭇가지"
timber,"목재"
lumber,"목재"
wood,"나무, 숲"
forest,"숲"
jungle,"정글"
grove,"작은 숲"
orchard,"과수원"
vineyard,"포도원"
pasture,"목초지"
meadow,"목초지"
lawn,"잔디밭"
garden,"정원"
greenhouse,"온실"
nursery,"육아실, 묘목장"
botany,"식물학"
zoology,"동물학"
biology,"생물학"
ecology,"생태학"
environment,"환경"
nature,"자연, 본성"
wildlife,"야생동물"
beast,"짐승, 야수"
mammal,"포유류"
reptile,"파충류"
amphibian,"양서류"
bird,"새"
poultry,"가금류"
fowl,"새, 가금"
fish,"물고기"
seafood,"해산물"
shellfish,"조개류, 갑각류"
insect,"곤충"
bug,"벌레"
pest,"해충, 골칫거리"
parasite,"기생충"
worm,"벌레"
serpent,"뱀"
dragon,"용"
monster,"괴물"
creature,"생물, 피조물"
organism,"유기체, 생물"
cell,"세포, 독방"
tissue,"조직, 휴지"
organ,"장기, 기관, 오르간"
system,"시스템, 체계"
body,"신체, 몸"
flesh,"살, 육체"
skin,"피부"
hide,"가죽, 숨다"
fur,"모피, 털"
feather,"깃털"
scale,"비늘, 규모, 저울"
shell,"껍질, 조개껍데기"
horn,"뿔, 경적"
hoof,"발굽"
claw,"발톱"
talon,"맹수의 발톱"
beak,"새의 부리"
wing,"날개"
feather,"깃털"
tail,"꼬리"
fin,"지느러미"
gill,"아가미"
tentacle,"촉수"
antenna,"안테나, 더듬이"
stripe,줄무늬
paramount,최고의
technology,과학기술